{"people":
[ {"name": "Emma Wilson", "address": "Bahnhofstr. 7", "addition": "", "zip": "68167", "city": "Mannheim", "phone": "0173-16325478", "notes": ""},
{"name": "Lavery Maiss", "address": "Am Markt 25a", "addition": "", "zip": "68167", "city": "Mannheim", "phone": "0160-1320795", "notes": ""},
{"name": "Lillie Watts", "address": "Industriestraße 1c", "addition": "", "zip": "68165", "city": "Mannheim", "phone": "0157-3025782", "notes": "Zähler Bad defekt?"},
{"name": "Max Mustermann", "address": "Hauptstraße 146", "addition": "", "zip": "68165", "city": "Mannheim", "phone": "0175-5920145", "notes": "Zweittermin"},
{"name": "Robin Müller", "address": "Schlossallee 17", "addition": "", "zip": "68167", "city": "Mannheim", "phone": "0171-5874632", "notes": ""},
{"name": "Theo Smith", "address": "Parkstraße 2", "addition": "", "zip": "68167", "city": "Mannheim", "phone": "0157-6930174", "notes": ""},
{"name": "Angela Schmidt", "address": "Brückenweg 48", "addition": "", "zip": "68165", "city": "Mannheim", "phone": "0170-5782169", "notes": ""}

 ]
}
